{
  "crate.011" : {
    "uid" : 140636849641992,
    "location" : [ 2.929080, 32.407696, -0.438286 ],
    "rotation" : [ -0.000000, -0.000000, 0.210321, 0.977632 ],
    "scale" : [ 1.000000, 1.000000, 1.000000 ],
    "size" : [ 1.156036, 1.156036, 1.156036 ],
    "model" : "Cube.mod",
    "texture" : "lm_crate.011.png"
  },
  "crate.010" : {
    "uid" : 140636849640456,
    "location" : [ 1.141492, 31.771614, -0.438286 ],
    "rotation" : [ -0.000000, 0.000000, -0.275506, 0.961299 ],
    "scale" : [ 1.000000, 1.000000, 1.000000 ],
    "size" : [ 1.156036, 1.156036, 1.156036 ],
    "model" : "Cube.mod",
    "texture" : "lm_crate.010.png"
  },
  "crate.009" : {
    "uid" : 140636847323656,
    "location" : [ -0.631420, 31.771614, -0.438286 ],
    "rotation" : [ -0.000000, -0.000000, 0.101605, 0.994825 ],
    "scale" : [ 1.000000, 1.000000, 1.000000 ],
    "size" : [ 1.156036, 1.156036, 1.156036 ],
    "model" : "Cube.mod",
    "texture" : "lm_crate.009.png"
  },
  "crate.008" : {
    "uid" : 140636847322120,
    "location" : [ -3.485219, 30.717421, -0.438286 ],
    "rotation" : [ -0.000000, -0.000000, 0.651881, 0.758321 ],
    "scale" : [ 1.000000, 1.000000, 1.000000 ],
    "size" : [ 1.156036, 1.156036, 1.156036 ],
    "model" : "Cube.mod",
    "texture" : "lm_crate.008.png"
  },
  "crate.007" : {
    "uid" : 140636847320584,
    "location" : [ -2.265040, 31.771614, -0.438286 ],
    "rotation" : [ -0.000000, -0.000000, 0.466266, 0.884644 ],
    "scale" : [ 1.000000, 1.000000, 1.000000 ],
    "size" : [ 1.156036, 1.156036, 1.156036 ],
    "model" : "Cube.mod",
    "texture" : "lm_crate.007.png"
  },
  "crate.006" : {
    "uid" : 140636847319048,
    "location" : [ -2.962721, 31.168840, 0.717751 ],
    "rotation" : [ -0.000000, -0.000000, 0.466266, 0.884644 ],
    "scale" : [ 1.000000, 1.000000, 1.000000 ],
    "size" : [ 1.156036, 1.156036, 1.156036 ],
    "model" : "Cube.mod",
    "texture" : "lm_crate.006.png"
  },
  "back_wall" : {
    "uid" : 140636847303688,
    "location" : [ -0.927336, 23.381512, 4.328736 ],
    "rotation" : [ -0.000000, 0.000000, -0.000000, 1.000000 ],
    "scale" : [ 1.000000, 1.000000, 1.000000 ],
    "size" : [ 16.032043, 23.978968, 11.872409 ],
    "model" : "tile_1.011.mod",
    "texture" : "lm_back_wall.png"
  },
  "side_wall_floor" : {
    "uid" : 140636849654280,
    "location" : [ -0.911298, 25.371010, 4.919888 ],
    "rotation" : [ -0.000000, 0.000000, -0.000000, 1.000000 ],
    "scale" : [ 1.000000, 1.000000, 1.000000 ],
    "size" : [ 20.064106, 20.000000, 11.872391 ],
    "model" : "tile_1.010.mod",
    "texture" : "lm_side_wall_floor.png"
  },
  "slope" : {
    "uid" : 140636849655816,
    "location" : [ -0.879243, 13.510683, -0.510011 ],
    "rotation" : [ -0.000000, 0.000000, -0.000000, 1.000000 ],
    "scale" : [ 1.000000, 1.000000, 1.000000 ],
    "size" : [ 19.999998, 3.720652, 1.012590 ],
    "model" : "tile_1.009.mod",
    "texture" : "lm_slope.png"
  },
  "left_corridor" : {
    "uid" : 140636849645064,
    "location" : [ -12.219622, 24.306738, 2.417727 ],
    "rotation" : [ -0.061628, 0.061629, -0.704416, 0.704416 ],
    "scale" : [ 1.000000, 1.000000, 1.000000 ],
    "size" : [ 6.548267, 8.015736, 5.146265 ],
    "model" : "tile_1.005.mod",
    "texture" : "lm_left_corridor.png"
  },
  "right_corridor" : {
    "uid" : 140636849652744,
    "location" : [ 11.361787, 24.607277, 2.269830 ],
    "rotation" : [ -0.061628, -0.061629, 0.704416, 0.704416 ],
    "scale" : [ 1.000000, 1.000000, 1.000000 ],
    "size" : [ 6.548267, 8.015736, 5.146265 ],
    "model" : "tile_1.005.mod",
    "texture" : "lm_right_corridor.png"
  },
  "crate.005" : {
    "uid" : 140636847317512,
    "location" : [ 0.990019, 8.702949, 1.887937 ],
    "rotation" : [ -0.020922, 0.250372, -0.080603, 0.964562 ],
    "scale" : [ 1.000000, 1.000000, 1.000000 ],
    "size" : [ 1.156036, 1.156036, 1.156036 ],
    "model" : "Cube.mod",
    "texture" : "lm_crate.005.png"
  },
  "crate.004" : {
    "uid" : 140636847315976,
    "location" : [ 0.269215, 8.675555, 0.574302 ],
    "rotation" : [ -0.000000, 0.000000, -0.295460, 0.955355 ],
    "scale" : [ 1.000000, 1.000000, 1.000000 ],
    "size" : [ 1.156036, 1.156036, 1.156036 ],
    "model" : "Cube.mod",
    "texture" : "lm_crate.004.png"
  },
  "crate.003" : {
    "uid" : 140636847314440,
    "location" : [ -1.762900, 0.681778, 1.730339 ],
    "rotation" : [ -0.000000, -0.000000, 0.055911, 0.998436 ],
    "scale" : [ 1.000000, 1.000000, 1.000000 ],
    "size" : [ 1.156036, 1.156036, 1.156036 ],
    "model" : "Cube.mod",
    "texture" : "lm_crate.003.png"
  },
  "crate.002" : {
    "uid" : 140636847312904,
    "location" : [ -1.762900, 1.603783, 0.574302 ],
    "rotation" : [ -0.000000, -0.000000, 0.055911, 0.998436 ],
    "scale" : [ 1.000000, 1.000000, 1.000000 ],
    "size" : [ 1.156036, 1.156036, 1.156036 ],
    "model" : "Cube.mod",
    "texture" : "lm_crate.002.png"
  },
  "crate.001" : {
    "uid" : 140636847311368,
    "location" : [ -1.762900, -0.008718, 0.574302 ],
    "rotation" : [ -0.000000, -0.000000, 0.277257, 0.960796 ],
    "scale" : [ 1.000000, 1.000000, 1.000000 ],
    "size" : [ 1.156036, 1.156036, 1.156036 ],
    "model" : "Cube.mod",
    "texture" : "lm_crate.001.png"
  },
  "corridor_1" : {
    "uid" : 140636847308296,
    "location" : [ -0.732166, 6.650357, 2.804132 ],
    "rotation" : [ -0.000000, 0.000000, -0.000000, 1.000000 ],
    "scale" : [ 1.000000, 1.000000, 1.000000 ],
    "size" : [ 6.548267, 8.015736, 5.146265 ],
    "model" : "tile_1.005.mod",
    "texture" : "lm_corridor_1.png"
  },
  "corridor_0" : {
    "uid" : 140636847306760,
    "location" : [ -0.728281, -1.365378, 2.804132 ],
    "rotation" : [ -0.000000, 0.000000, -0.000000, 1.000000 ],
    "scale" : [ 1.000000, 1.000000, 1.000000 ],
    "size" : [ 6.548267, 8.015736, 5.146265 ],
    "model" : "tile_1.005.mod",
    "texture" : "lm_corridor_0.png"
  }
}
